{"RandomForestRegressor":2.260287373287712,"GBTRegressor":2.2803200991143204,"LinearRegression":2.47864214309764,"DecisionTreeRegressor":2.3097527434255354,"IsotonicRegression":3.3033172371601327,"FMRegressor":5.368003698897728,"GeneralizedLinearRegression":2.283799410499867}
