{"RandomForestRegressor":2.2617380446755893,"GBTRegressor":2.297819877047723,"LinearRegression":2.441501947834654,"DecisionTreeRegressor":2.3152853226399177,"IsotonicRegression":3.8313767338800853,"FMRegressor":5.102875633263086,"GeneralizedLinearRegression":2.243629380674696}
