{"RandomForestRegressor":2.260448757104348,"GBTRegressor":2.2774418187359338,"LinearRegression":2.490650985826046,"DecisionTreeRegressor":2.3452812067160207,"IsotonicRegression":3.2835061133005885,"FMRegressor":5.538404021216881,"GeneralizedLinearRegression":2.296742684862444}
