{"RandomForestRegressor":2.4055859200639436,"GBTRegressor":2.3806134405952695,"LinearRegression":2.635677721670266,"DecisionTreeRegressor":2.4442793759368713,"IsotonicRegression":4.055998996778264,"FMRegressor":5.534555706146596,"GeneralizedLinearRegression":2.440465922240704}
