{"Model_name":"RandomForestRegressor","Sex":0.027119910784811845,"Length":0.08329306569979276,"Diameter":0.07078979998147814,"Height":0.15699721607736375,"Weight":0.15581790686810287,"Shucked Weight":0.0593149986253117,"Viscera Weight":0.04934195715846649,"Shell Weight":0.39732514480467246}
{"Model_name":"GBTRegressor","Sex":0.03844092535145324,"Length":0.08420753666699873,"Diameter":0.0874690012714675,"Height":0.09498669333940496,"Weight":0.12022822146921452,"Shucked Weight":0.17856449911902147,"Viscera Weight":0.06304816219232512,"Shell Weight":0.3330549605901143}
{"Model_name":"DecisionTreeRegressor","Sex":0.03415995798991525,"Length":0.00221460423545631,"Diameter":0.007546978713055943,"Height":0.009024617075236913,"Weight":0.0,"Shucked Weight":0.1385979769941694,"Viscera Weight":6.739740738945022E-5,"Shell Weight":0.8083884675847767}
