{"Model_name":"RandomForestRegressor","Sex":0.0285508694699434,"Length":0.07806980473025281,"Diameter":0.12269589066877688,"Height":0.11721170686876277,"Weight":0.11111794711151542,"Shucked Weight":0.07203870266259102,"Viscera Weight":0.07159258239894649,"Shell Weight":0.3987224960892113}
{"Model_name":"GBTRegressor","Sex":0.07160328842780507,"Length":0.08824289971567952,"Diameter":0.10565571267684021,"Height":0.08440459004344841,"Weight":0.13183530092814874,"Shucked Weight":0.1588038731635272,"Viscera Weight":0.10249540540205299,"Shell Weight":0.2569589296424978}
{"Model_name":"DecisionTreeRegressor","Sex":0.04592562094197826,"Length":0.004315737940164752,"Diameter":0.104814469754559,"Height":0.023589851455292635,"Weight":0.01300437762086101,"Shucked Weight":0.12105228191507421,"Viscera Weight":0.0024149740703590075,"Shell Weight":0.6848826863017111}
