{"Model_name":"RandomForestRegressor","Sex":0.02665004704853663,"Length":0.053320040428898416,"Diameter":0.08449644970692752,"Height":0.16723765971544471,"Weight":0.1564371386405771,"Shucked Weight":0.06842463185436534,"Viscera Weight":0.04896707521389934,"Shell Weight":0.3944669573913509}
{"Model_name":"GBTRegressor","Sex":0.05888803959575064,"Length":0.11085946000815497,"Diameter":0.05779170388478715,"Height":0.11244157718956405,"Weight":0.10750894546914604,"Shucked Weight":0.15406989513018765,"Viscera Weight":0.08793827404986826,"Shell Weight":0.3105021046725413}
{"Model_name":"DecisionTreeRegressor","Sex":0.02339298348803164,"Length":0.0038014403418231537,"Diameter":0.0,"Height":0.011727518511288346,"Weight":0.007568860690374647,"Shucked Weight":0.12868104206642564,"Viscera Weight":0.0010964969783375006,"Shell Weight":0.823731657923719}
